空气炸锅-浙江省-慈溪市,102
电蒸锅-浙江省-慈溪市,102
料理机-浙江省-慈溪市,102
榨汁机-浙江省-慈溪市,102
早餐机-浙江省-慈溪市,102
电炖锅-浙江省-慈溪市,102
电饼铛-浙江省-慈溪市,102
豆浆机-浙江省-慈溪市,102
空气炸锅-浙江省-余姚市,76
电蒸锅-浙江省-余姚市,76
料理机-浙江省-余姚市,76
榨汁机-浙江省-余姚市,76
早餐机-浙江省-余姚市,76
电炖锅-浙江省-余姚市,76
电饼铛-浙江省-余姚市,76
豆浆机-浙江省-余姚市,76
空气炸锅-浙江省-宁波市-北仑区,71
电蒸锅-浙江省-宁波市-北仑区,71
料理机-浙江省-宁波市-北仑区,71
榨汁机-浙江省-宁波市-北仑区,71
早餐机-浙江省-宁波市-北仑区,71
电炖锅-浙江省-宁波市-北仑区,71
电饼铛-浙江省-宁波市-北仑区,71
豆浆机-浙江省-宁波市-北仑区,71
空气炸锅-浙江省-宁波市-宁海县,56
电蒸锅-浙江省-宁波市-宁海县,56
料理机-浙江省-宁波市-宁海县,56
榨汁机-浙江省-宁波市-宁海县,56
早餐机-浙江省-宁波市-宁海县,56
电炖锅-浙江省-宁波市-宁海县,56
电饼铛-浙江省-宁波市-宁海县,56
豆浆机-浙江省-宁波市-宁海县,56
空气炸锅-浙江省-宁波市-鄞州区,31
电蒸锅-浙江省-宁波市-鄞州区,31
料理机-浙江省-宁波市-鄞州区,31
榨汁机-浙江省-宁波市-鄞州区,31
早餐机-浙江省-宁波市-鄞州区,31
电炖锅-浙江省-宁波市-鄞州区,31
电饼铛-浙江省-宁波市-鄞州区,31
豆浆机-浙江省-宁波市-鄞州区,31
空气炸锅-浙江省-宁波市-象山县,14
电蒸锅-浙江省-宁波市-象山县,14
料理机-浙江省-宁波市-象山县,14
榨汁机-浙江省-宁波市-象山县,14
早餐机-浙江省-宁波市-象山县,14
电炖锅-浙江省-宁波市-象山县,14
电饼铛-浙江省-宁波市-象山县,14
豆浆机-浙江省-宁波市-象山县,14
空气炸锅-浙江省-宁波市-奉化区,5
电蒸锅-浙江省-宁波市-奉化区,5
料理机-浙江省-宁波市-奉化区,5
榨汁机-浙江省-宁波市-奉化区,5
早餐机-浙江省-宁波市-奉化区,5
电炖锅-浙江省-宁波市-奉化区,5
电饼铛-浙江省-宁波市-奉化区,5
豆浆机-浙江省-宁波市-奉化区,5
空气炸锅-上海市-静安区,75
电蒸锅-上海市-静安区,75
料理机-上海市-静安区,75
榨汁机-上海市-静安区,75
早餐机-上海市-静安区,75
电炖锅-上海市-静安区,75
电饼铛-上海市-静安区,75
豆浆机-上海市-静安区,75
